{
    "1": {
        "x": -4.337490270132877,
        "y": 9.332699605038423
    },
    "0": {
        "x": 22.0,
        "y": 14.0
    },
    "2": {
        "x": 0.23872057102853184,
        "y": 14.116950799788304
    },
    "3": {
        "x": -1.3719460170343876,
        "y": 13.883033158110319
    },
    "4": {
        "x": 1.4594635831533913,
        "y": 16.506107964577403
    }
}