{
    "0": {
        "name": "robot_1",
        "position": {
            "x": 21.699785334921685,
            "y": 17.737077363213743
        }
    },
    "1": {
        "name": "robot_2",
        "position": {
            "x": -2.4180652685047535,
            "y": 8.709176263204355
        }
    },
    "2": {
        "name": "robot_3",
        "position": {
            "x": 9.556845109577528,
            "y": -7.490715069623448
        }
    },
    "3": {
        "name": "robot_4",
        "position": {
            "x": 20.298588231347804,
            "y": -3.9442546434441783
        }
    },
    "4": {
        "name": "robot_5",
        "position": {
            "x": 4.392494313792135,
            "y": 17.04899980862667
        }
    },
    "5": {
        "name": "robot_6",
        "position": {
            "x": 3.8885933129574375,
            "y": 19.459999953217988
        }
    },
    "6": {
        "name": "robot_7",
        "position": {
            "x": 15.503593260388415,
            "y": -14.59149991742026
        }
    },
    "7": {
        "name": "robot_8",
        "position": {
            "x": 27.642693256835173,
            "y": 16.995299905463444
        }
    },
    "8": {
        "name": "robot_9",
        "position": {
            "x": -10.257306649151824,
            "y": -7.896660088705118
        }
    },
    "9": {
        "name": "robot_10",
        "position": {
            "x": 12.092393325609104,
            "y": 8.488890005373545
        }
    }
}