{
    "1": {
        "label": "chair",
        "position": {
            "x": -4.337490270132877,
            "y": 9.332699605038423
        }
    }
}